obs,ic_mean,ic_std,ic_ir,ic_positive_ratio,ic_tstat,rank_ic_mean,rank_ic_std,rank_ic_ir,rank_ic_positive_ratio,rank_ic_tstat,factor
10.0,0.14659163144803794,0.17671799004918634,5.8890288664325166,0.7,2.623181947501452,0.14857142857142855,0.22907849485064097,4.604327920824198,0.6,2.05093066381921,amihud_20
10.0,0.10448533710382046,0.3370879074802812,2.2005307580121496,0.6,0.9801943054213594,0.07142857142857142,0.3057079121144065,1.658748539839356,0.4,0.7388653246298114,breakout_20
10.0,-0.034713173638291996,0.29530547599898993,-0.8345225732397659,0.6,-0.37172589888001994,0.018045112781954892,0.21908833491164284,0.5847303205227977,0.6,0.26045958607795483,custom_ret_accel_5_20
