{
  "enabled": true,
  "status": "ok",
  "signal_ts": "2024-10-24 00:00:00",
  "candidate_count": 4,
  "selected_count": 2,
  "timing_exposure": 1.0,
  "timing_diag": {
    "timing_enabled": 1.0,
    "timing_exposure": 1.0,
    "timing_market_vol": 0.029716728337000668,
    "timing_crowding": 0.6283120575674945,
    "timing_momentum": 0.11013666795772692,
    "timing_vol_z": 1.8374443980284176,
    "timing_crowding_z": -0.9010717892355445,
    "timing_momentum_z": 4.0,
    "timing_vol_threshold": 0.7248432396785571,
    "timing_momentum_threshold": -0.6097204824162573
  },
  "portfolio_diag": {
    "opt_iterations": 2.0,
    "opt_converged": 1.0,
    "state_market_vol": 0.029716728337000668,
    "state_crowding": 0.6283120575674945,
    "state_style_dispersion": 0.9999999999143556,
    "state_vol_z": -0.506316196910656,
    "state_crowding_z": -0.9847436940139915,
    "state_style_z": -0.9581336052615556,
    "dynamic_expected_scale": 0.82753595105292,
    "dynamic_risk_scale": 1.0,
    "dynamic_style_scale": 1.1437200407892334,
    "dynamic_industry_scale": 1.191626721052311,
    "dynamic_tc_scale": 1.0,
    "opt_turnover": 0.8661399999991339,
    "opt_expected_ret_score": -9.999999989718805e-07,
    "opt_style_exposure_dev": 1.3364357921284975,
    "opt_industry_dev": 9.999778782798785e-13,
    "opt_crowding_exposure": -1.9999999999187745e-06,
    "opt_liquidity_utilization": 0.999999999997,
    "opt_effective_max_weight": 0.500001
  },
  "execution_diag": {
    "execution_model": 1.0,
    "avg_fill_ratio": 0.125011368568473,
    "cash_drag_weight": 0.8749885229855658,
    "extra_cost_bps": 0.3599999999138668,
    "latency_bars": 1.0,
    "latency_penalty": 0.03
  }
}