{
  "enabled": true,
  "status": "ok",
  "signal_ts": "2025-01-17 00:00:00",
  "candidate_count": 15,
  "selected_count": 12,
  "timing_exposure": 1.0,
  "timing_diag": {
    "timing_enabled": 1.0,
    "timing_exposure": 1.0,
    "timing_market_vol": 0.014676823021513123,
    "timing_crowding": 0.6834748490173732,
    "timing_momentum": -0.061865700198090956,
    "timing_vol_z": -0.5061002140324248,
    "timing_crowding_z": -0.6992413221522009,
    "timing_momentum_z": -0.07568802910358938,
    "timing_vol_threshold": 0.7565824509723184,
    "timing_momentum_threshold": -0.4286304829340774
  },
  "portfolio_diag": {
    "opt_iterations": 220.0,
    "opt_converged": 0.0,
    "state_market_vol": 0.014676823021513123,
    "state_crowding": 0.6834748490173732,
    "state_style_dispersion": 0.9999999999450712,
    "state_vol_z": -0.5061002140324248,
    "state_crowding_z": -0.35331721472876676,
    "state_style_z": -1.1083744635158572,
    "dynamic_expected_scale": 0.8004925965671457,
    "dynamic_risk_scale": 1.0,
    "dynamic_style_scale": 1.1662561695273785,
    "dynamic_industry_scale": 1.2216748927031715,
    "dynamic_tc_scale": 1.0,
    "opt_turnover": 1.0538733244810186,
    "opt_expected_ret_score": 0.21318718222913777,
    "opt_style_exposure_dev": 1.7735466517491514,
    "opt_industry_dev": 9.999778782798785e-13,
    "opt_crowding_exposure": 0.7545606310886094,
    "opt_liquidity_utilization": 0.999999999995,
    "opt_effective_max_weight": 0.25
  },
  "execution_diag": {
    "execution_model": 1.0,
    "avg_fill_ratio": 0.32695473432218103,
    "cash_drag_weight": 0.9176539654979334,
    "extra_cost_bps": 0.20967516464012736,
    "latency_bars": 1.0,
    "latency_penalty": 0.03
  }
}